anchor_id,sku,sku_normalized,registry_match_type,registry_status,row,column,cell_id,bbox,column_role,orientation,confidence
sku_000001,GW 62 001 FH,GW62001FH,exact_normalized,confirmed,2,1,r0002c001,"[42.52000045776367, 154.73822021484375, 95.49500021849863, 163.80912272135416]",sku_column,multiple_codes_in_row,1.0
sku_000002,GW 62 001 H,GW62001H,exact_normalized,confirmed,2,2,r0002c002,"[95.49500021849863, 154.73822021484375, 148.47013810364126, 163.80912272135416]",sku_column,multiple_codes_in_row,1.0
sku_000003,GW 62 023 FH,GW62023FH,exact_normalized,confirmed,2,3,r0002c003,"[148.47013810364126, 154.73822021484375, 201.44556756555681, 163.80912272135416]",sku_column,multiple_codes_in_row,1.0
sku_000004,GW 62 023 H,GW62023H,exact_normalized,confirmed,2,4,r0002c004,"[201.44556756555681, 154.73822021484375, 254.42103184036344, 163.80912272135416]",sku_column,multiple_codes_in_row,1.0
sku_000005,GW 62 201 FH,GW62201FH,exact_normalized,confirmed,2,5,r0002c005,"[254.42103184036344, 154.73822021484375, 307.39612990159253, 163.80912272135416]",sku_column,multiple_codes_in_row,1.0
sku_000006,GW 62 201 H,GW62201H,exact_normalized,confirmed,2,6,r0002c006,"[307.39612990159253, 154.73822021484375, 360.3716057671441, 163.80912272135416]",sku_column,multiple_codes_in_row,1.0
sku_000007,GW 62 224 FH,GW62224FH,exact_normalized,confirmed,2,7,r0002c007,"[360.3716057671441, 154.73822021484375, 413.3470361472587, 163.80912272135416]",sku_column,multiple_codes_in_row,1.0
sku_000008,GW 62 224 H,GW62224H,exact_normalized,confirmed,2,8,r0002c008,"[413.3470361472587, 154.73822021484375, 466.322172416273, 163.80912272135416]",sku_column,multiple_codes_in_row,1.0
sku_000009,GW 62 002 FH,GW62002FH,exact_normalized,confirmed,3,1,r0003c001,"[42.52000045776367, 163.80912272135416, 95.49500021849863, 172.88006591796875]",sku_column,multiple_codes_in_row,1.0
sku_000010,GW 62 002 H,GW62002H,exact_normalized,confirmed,3,2,r0003c002,"[95.49500021849863, 163.80912272135416, 148.47013810364126, 172.88006591796875]",sku_column,multiple_codes_in_row,1.0
sku_000011,GW 62 024 FH,GW62024FH,exact_normalized,confirmed,3,3,r0003c003,"[148.47013810364126, 163.80912272135416, 201.44556756555681, 172.88006591796875]",sku_column,multiple_codes_in_row,1.0
sku_000012,GW 62 024 H,GW62024H,exact_normalized,confirmed,3,4,r0003c004,"[201.44556756555681, 163.80912272135416, 254.42103184036344, 172.88006591796875]",sku_column,multiple_codes_in_row,1.0
sku_000013,GW 62 202 FH,GW62202FH,exact_normalized,confirmed,3,5,r0003c005,"[254.42103184036344, 163.80912272135416, 307.39612990159253, 172.88006591796875]",sku_column,multiple_codes_in_row,1.0
sku_000014,GW 62 202 H,GW62202H,exact_normalized,confirmed,3,6,r0003c006,"[307.39612990159253, 163.80912272135416, 360.3716057671441, 172.88006591796875]",sku_column,multiple_codes_in_row,1.0
sku_000015,GW 62 225 FH,GW62225FH,exact_normalized,confirmed,3,7,r0003c007,"[360.3716057671441, 163.80912272135416, 413.3470361472587, 172.88006591796875]",sku_column,multiple_codes_in_row,1.0
sku_000016,GW 62 225 H,GW62225H,exact_normalized,confirmed,3,8,r0003c008,"[413.3470361472587, 163.80912272135416, 466.322172416273, 172.88006591796875]",sku_column,multiple_codes_in_row,1.0
sku_000017,GW 62 003 FH,GW62003FH,exact_normalized,confirmed,4,1,r0004c001,"[42.52000045776367, 172.88006591796875, 95.49500021849863, 181.95098876953125]",sku_column,multiple_codes_in_row,1.0
sku_000018,GW 62 003 H,GW62003H,exact_normalized,confirmed,4,2,r0004c002,"[95.49500021849863, 172.88006591796875, 148.47013810364126, 181.95098876953125]",sku_column,multiple_codes_in_row,1.0
sku_000019,GW 62 025 FH,GW62025FH,exact_normalized,confirmed,4,3,r0004c003,"[148.47013810364126, 172.88006591796875, 201.44556756555681, 181.95098876953125]",sku_column,multiple_codes_in_row,1.0
sku_000020,GW 62 025 H,GW62025H,exact_normalized,confirmed,4,4,r0004c004,"[201.44556756555681, 172.88006591796875, 254.42103184036344, 181.95098876953125]",sku_column,multiple_codes_in_row,1.0
sku_000021,GW 62 203 FH,GW62203FH,exact_normalized,confirmed,4,5,r0004c005,"[254.42103184036344, 172.88006591796875, 307.39612990159253, 181.95098876953125]",sku_column,multiple_codes_in_row,1.0
sku_000022,GW 62 203 H,GW62203H,exact_normalized,confirmed,4,6,r0004c006,"[307.39612990159253, 172.88006591796875, 360.3716057671441, 181.95098876953125]",sku_column,multiple_codes_in_row,1.0
sku_000023,GW 62 226 FH,GW62226FH,exact_normalized,confirmed,4,7,r0004c007,"[360.3716057671441, 172.88006591796875, 413.3470361472587, 181.95098876953125]",sku_column,multiple_codes_in_row,1.0
sku_000024,GW 62 226 H,GW62226H,exact_normalized,confirmed,4,8,r0004c008,"[413.3470361472587, 172.88006591796875, 466.322172416273, 181.95098876953125]",sku_column,multiple_codes_in_row,1.0
sku_000025,GW 62 004 FH,GW62004FH,exact_normalized,confirmed,5,1,r0005c001,"[42.52000045776367, 181.95098876953125, 95.49500021849863, 191.02201334635416]",sku_column,multiple_codes_in_row,1.0
sku_000026,GW 62 004 H,GW62004H,exact_normalized,confirmed,5,2,r0005c002,"[95.49500021849863, 181.95098876953125, 148.47013810364126, 191.02201334635416]",sku_column,multiple_codes_in_row,1.0
sku_000027,GW 62 026 FH,GW62026FH,exact_normalized,confirmed,5,3,r0005c003,"[148.47013810364126, 181.95098876953125, 201.44556756555681, 191.02201334635416]",sku_column,multiple_codes_in_row,1.0
sku_000028,GW 62 026 H,GW62026H,exact_normalized,confirmed,5,4,r0005c004,"[201.44556756555681, 181.95098876953125, 254.42103184036344, 191.02201334635416]",sku_column,multiple_codes_in_row,1.0
sku_000029,GW 62 205 FH,GW62205FH,exact_normalized,confirmed,5,5,r0005c005,"[254.42103184036344, 181.95098876953125, 307.39612990159253, 191.02201334635416]",sku_column,multiple_codes_in_row,1.0
sku_000030,GW 62 205 H,GW62205H,exact_normalized,confirmed,5,6,r0005c006,"[307.39612990159253, 181.95098876953125, 360.3716057671441, 191.02201334635416]",sku_column,multiple_codes_in_row,1.0
sku_000031,GW 62 227 FH,GW62227FH,exact_normalized,confirmed,5,7,r0005c007,"[360.3716057671441, 181.95098876953125, 413.3470361472587, 191.02201334635416]",sku_column,multiple_codes_in_row,1.0
sku_000032,GW 62 227 H,GW62227H,exact_normalized,confirmed,5,8,r0005c008,"[413.3470361472587, 181.95098876953125, 466.322172416273, 191.02201334635416]",sku_column,multiple_codes_in_row,1.0
sku_000033,GW 62 005 FH,GW62005FH,exact_normalized,confirmed,6,1,r0006c001,"[42.52000045776367, 191.02201334635416, 95.49500021849863, 209.1639200846354]",sku_column,multiple_codes_in_row,1.0
sku_000034,GW 62 005 H,GW62005H,exact_normalized,confirmed,6,2,r0006c002,"[95.49500021849863, 191.02201334635416, 148.47013810364126, 209.1639200846354]",sku_column,multiple_codes_in_row,1.0
sku_000035,GW 62 027 FH,GW62027FH,exact_normalized,confirmed,6,3,r0006c003,"[148.47013810364126, 191.02201334635416, 201.44556756555681, 209.1639200846354]",sku_column,multiple_codes_in_row,1.0
sku_000036,GW 62 027 H,GW62027H,exact_normalized,confirmed,6,4,r0006c004,"[201.44556756555681, 191.02201334635416, 254.42103184036344, 209.1639200846354]",sku_column,multiple_codes_in_row,1.0
sku_000037,GW 62 206 FH,GW62206FH,exact_normalized,confirmed,6,5,r0006c005,"[254.42103184036344, 191.02201334635416, 307.39612990159253, 209.1639200846354]",sku_column,multiple_codes_in_row,1.0
sku_000038,GW 62 206 H,GW62206H,exact_normalized,confirmed,6,6,r0006c006,"[307.39612990159253, 191.02201334635416, 360.3716057671441, 209.1639200846354]",sku_column,multiple_codes_in_row,1.0
sku_000039,GW 62 228 FH,GW62228FH,exact_normalized,confirmed,6,7,r0006c007,"[360.3716057671441, 191.02201334635416, 413.3470361472587, 209.1639200846354]",sku_column,multiple_codes_in_row,1.0
sku_000040,GW 62 228 H,GW62228H,exact_normalized,confirmed,6,8,r0006c008,"[413.3470361472587, 191.02201334635416, 466.322172416273, 209.1639200846354]",sku_column,multiple_codes_in_row,1.0
sku_000041,GW 62 006 FH,GW62006FH,exact_normalized,confirmed,7,1,r0007c001,"[42.52000045776367, 209.1639200846354, 95.49500021849863, 227.30548095703125]",sku_column,multiple_codes_in_row,1.0
sku_000042,GW 62 006 H,GW62006H,exact_normalized,confirmed,7,2,r0007c002,"[95.49500021849863, 209.1639200846354, 148.47013810364126, 227.30548095703125]",sku_column,multiple_codes_in_row,1.0
sku_000043,GW 62 028 FH,GW62028FH,exact_normalized,confirmed,7,3,r0007c003,"[148.47013810364126, 209.1639200846354, 201.44556756555681, 227.30548095703125]",sku_column,multiple_codes_in_row,1.0
sku_000044,GW 62 028 H,GW62028H,exact_normalized,confirmed,7,4,r0007c004,"[201.44556756555681, 209.1639200846354, 254.42103184036344, 227.30548095703125]",sku_column,multiple_codes_in_row,1.0
sku_000045,GW 62 207 FH,GW62207FH,exact_normalized,confirmed,7,5,r0007c005,"[254.42103184036344, 209.1639200846354, 307.39612990159253, 227.30548095703125]",sku_column,multiple_codes_in_row,1.0
sku_000046,GW 62 207 H,GW62207H,exact_normalized,confirmed,7,6,r0007c006,"[307.39612990159253, 209.1639200846354, 360.3716057671441, 227.30548095703125]",sku_column,multiple_codes_in_row,1.0
sku_000047,GW 62 229 FH,GW62229FH,exact_normalized,confirmed,7,7,r0007c007,"[360.3716057671441, 209.1639200846354, 413.3470361472587, 227.30548095703125]",sku_column,multiple_codes_in_row,1.0
sku_000048,GW 62 229 H,GW62229H,exact_normalized,confirmed,7,8,r0007c008,"[413.3470361472587, 209.1639200846354, 466.322172416273, 227.30548095703125]",sku_column,multiple_codes_in_row,1.0
sku_000049,GW 62 007 FH,GW62007FH,exact_normalized,confirmed,8,1,r0008c001,"[42.52000045776367, 227.30548095703125, 95.49500021849863, 236.3761189778646]",sku_column,multiple_codes_in_row,1.0
sku_000050,GW 62 007 H,GW62007H,exact_normalized,confirmed,8,2,r0008c002,"[95.49500021849863, 227.30548095703125, 148.47013810364126, 236.3761189778646]",sku_column,multiple_codes_in_row,1.0
sku_000051,GW 62 029 FH,GW62029FH,exact_normalized,confirmed,8,3,r0008c003,"[148.47013810364126, 227.30548095703125, 201.44556756555681, 236.3761189778646]",sku_column,multiple_codes_in_row,1.0
sku_000052,GW 62 029 H,GW62029H,exact_normalized,confirmed,8,4,r0008c004,"[201.44556756555681, 227.30548095703125, 254.42103184036344, 236.3761189778646]",sku_column,multiple_codes_in_row,1.0
sku_000053,GW 62 208 FH,GW62208FH,exact_normalized,confirmed,8,5,r0008c005,"[254.42103184036344, 227.30548095703125, 307.39612990159253, 236.3761189778646]",sku_column,multiple_codes_in_row,1.0
sku_000054,GW 62 208 H,GW62208H,exact_normalized,confirmed,8,6,r0008c006,"[307.39612990159253, 227.30548095703125, 360.3716057671441, 236.3761189778646]",sku_column,multiple_codes_in_row,1.0
sku_000055,GW 62 230 FH,GW62230FH,exact_normalized,confirmed,8,7,r0008c007,"[360.3716057671441, 227.30548095703125, 413.3470361472587, 236.3761189778646]",sku_column,multiple_codes_in_row,1.0
sku_000056,GW 62 230 H,GW62230H,exact_normalized,confirmed,8,8,r0008c008,"[413.3470361472587, 227.30548095703125, 466.322172416273, 236.3761189778646]",sku_column,multiple_codes_in_row,1.0
sku_000057,GW 62 008 FH,GW62008FH,exact_normalized,confirmed,9,1,r0009c001,"[42.52000045776367, 236.3761189778646, 95.49500021849863, 254.51802571614584]",sku_column,multiple_codes_in_row,1.0
sku_000058,GW 62 008 H,GW62008H,exact_normalized,confirmed,9,2,r0009c002,"[95.49500021849863, 236.3761189778646, 148.47013810364126, 254.51802571614584]",sku_column,multiple_codes_in_row,1.0
sku_000059,GW 62 030 FH,GW62030FH,exact_normalized,confirmed,9,3,r0009c003,"[148.47013810364126, 236.3761189778646, 201.44556756555681, 254.51802571614584]",sku_column,multiple_codes_in_row,1.0
sku_000060,GW 62 030 H,GW62030H,exact_normalized,confirmed,9,4,r0009c004,"[201.44556756555681, 236.3761189778646, 254.42103184036344, 254.51802571614584]",sku_column,multiple_codes_in_row,1.0
sku_000061,GW 62 209 FH,GW62209FH,exact_normalized,confirmed,9,5,r0009c005,"[254.42103184036344, 236.3761189778646, 307.39612990159253, 254.51802571614584]",sku_column,multiple_codes_in_row,1.0
sku_000062,GW 62 209 H,GW62209H,exact_normalized,confirmed,9,6,r0009c006,"[307.39612990159253, 236.3761189778646, 360.3716057671441, 254.51802571614584]",sku_column,multiple_codes_in_row,1.0
sku_000063,GW 62 231 FH,GW62231FH,exact_normalized,confirmed,9,7,r0009c007,"[360.3716057671441, 236.3761189778646, 413.3470361472587, 254.51802571614584]",sku_column,multiple_codes_in_row,1.0
sku_000064,GW 62 231 H,GW62231H,exact_normalized,confirmed,9,8,r0009c008,"[413.3470361472587, 236.3761189778646, 466.322172416273, 254.51802571614584]",sku_column,multiple_codes_in_row,1.0
sku_000065,GW 62 009 FH,GW62009FH,exact_normalized,confirmed,10,1,r0010c001,"[42.52000045776367, 254.51802571614584, 95.49500021849863, 272.6598962854456]",sku_column,multiple_codes_in_row,1.0
sku_000066,GW 62 009 H,GW62009H,exact_normalized,confirmed,10,2,r0010c002,"[95.49500021849863, 254.51802571614584, 148.47013810364126, 272.6598962854456]",sku_column,multiple_codes_in_row,1.0
sku_000067,GW 62 031 FH,GW62031FH,exact_normalized,confirmed,10,3,r0010c003,"[148.47013810364126, 254.51802571614584, 201.44556756555681, 272.6598962854456]",sku_column,multiple_codes_in_row,1.0
sku_000068,GW 62 031 H,GW62031H,exact_normalized,confirmed,10,4,r0010c004,"[201.44556756555681, 254.51802571614584, 254.42103184036344, 272.6598962854456]",sku_column,multiple_codes_in_row,1.0
sku_000069,GW 62 210 FH,GW62210FH,exact_normalized,confirmed,10,5,r0010c005,"[254.42103184036344, 254.51802571614584, 307.39612990159253, 272.6598962854456]",sku_column,multiple_codes_in_row,1.0
sku_000070,GW 62 210 H,GW62210H,exact_normalized,confirmed,10,6,r0010c006,"[307.39612990159253, 254.51802571614584, 360.3716057671441, 272.6598962854456]",sku_column,multiple_codes_in_row,1.0
sku_000071,GW 62 232 FH,GW62232FH,exact_normalized,confirmed,10,7,r0010c007,"[360.3716057671441, 254.51802571614584, 413.3470361472587, 272.6598962854456]",sku_column,multiple_codes_in_row,1.0
sku_000072,GW 62 232 H,GW62232H,exact_normalized,confirmed,10,8,r0010c008,"[413.3470361472587, 254.51802571614584, 466.322172416273, 272.6598962854456]",sku_column,multiple_codes_in_row,1.0
sku_000073,GW 62 701 H,GW62701H,exact_normalized,confirmed,11,2,r0011c002,"[95.49500021849863, 272.6598962854456, 148.47013810364126, 281.7308756510417]",sku_column,multiple_codes_in_row,1.0
sku_000074,GW 62 735 H,GW62735H,exact_normalized,confirmed,11,4,r0011c004,"[201.44556756555681, 272.6598962854456, 254.42103184036344, 281.7308756510417]",sku_column,multiple_codes_in_row,1.0
sku_000075,GW 62 801 H,GW62801H,exact_normalized,confirmed,11,6,r0011c006,"[307.39612990159253, 272.6598962854456, 360.3716057671441, 281.7308756510417]",sku_column,multiple_codes_in_row,1.0
sku_000076,GW 62 835 H,GW62835H,exact_normalized,confirmed,11,8,r0011c008,"[413.3470361472587, 272.6598962854456, 466.322172416273, 281.7308756510417]",sku_column,multiple_codes_in_row,1.0
sku_000077,GW 62 010 H,GW62010H,exact_normalized,confirmed,12,2,r0012c002,"[95.49500021849863, 281.7308756510417, 148.47013810364126, 290.8014729817708]",sku_column,multiple_codes_in_row,1.0
sku_000078,GW 62 032 H,GW62032H,exact_normalized,confirmed,12,4,r0012c004,"[201.44556756555681, 281.7308756510417, 254.42103184036344, 290.8014729817708]",sku_column,multiple_codes_in_row,1.0
sku_000079,GW 62 211 H,GW62211H,exact_normalized,confirmed,12,6,r0012c006,"[307.39612990159253, 281.7308756510417, 360.3716057671441, 290.8014729817708]",sku_column,multiple_codes_in_row,1.0
sku_000080,GW 62 233 H,GW62233H,exact_normalized,confirmed,12,8,r0012c008,"[413.3470361472587, 281.7308756510417, 466.322172416273, 290.8014729817708]",sku_column,multiple_codes_in_row,1.0
sku_000081,GW 62 011 H,GW62011H,exact_normalized,confirmed,13,2,r0013c002,"[95.49500021849863, 290.8014729817708, 148.47013810364126, 299.8721110026042]",sku_column,multiple_codes_in_row,1.0
sku_000082,GW 62 033 H,GW62033H,exact_normalized,confirmed,13,4,r0013c004,"[201.44556756555681, 290.8014729817708, 254.42103184036344, 299.8721110026042]",sku_column,multiple_codes_in_row,1.0
sku_000083,GW 62 212 H,GW62212H,exact_normalized,confirmed,13,6,r0013c006,"[307.39612990159253, 290.8014729817708, 360.3716057671441, 299.8721110026042]",sku_column,multiple_codes_in_row,1.0
sku_000084,GW 62 234 H,GW62234H,exact_normalized,confirmed,13,8,r0013c008,"[413.3470361472587, 290.8014729817708, 466.322172416273, 299.8721110026042]",sku_column,multiple_codes_in_row,1.0
sku_000085,GW 62 702 H,GW62702H,exact_normalized,confirmed,14,2,r0014c002,"[95.49500021849863, 299.8721110026042, 148.47013810364126, 308.9430745442708]",sku_column,multiple_codes_in_row,1.0
sku_000086,GW 62 736 H,GW62736H,exact_normalized,confirmed,14,4,r0014c004,"[201.44556756555681, 299.8721110026042, 254.42103184036344, 308.9430745442708]",sku_column,multiple_codes_in_row,1.0
sku_000087,GW 62 802 H,GW62802H,exact_normalized,confirmed,14,6,r0014c006,"[307.39612990159253, 299.8721110026042, 360.3716057671441, 308.9430745442708]",sku_column,multiple_codes_in_row,1.0
sku_000088,GW 62 836 H,GW62836H,exact_normalized,confirmed,14,8,r0014c008,"[413.3470361472587, 299.8721110026042, 466.322172416273, 308.9430745442708]",sku_column,multiple_codes_in_row,1.0
sku_000089,GW 62 703 H,GW62703H,exact_normalized,confirmed,15,2,r0015c002,"[95.49500021849863, 308.9430745442708, 148.47013810364126, 318.01402000144674]",sku_column,multiple_codes_in_row,1.0
sku_000090,GW 62 737 H,GW62737H,exact_normalized,confirmed,15,4,r0015c004,"[201.44556756555681, 308.9430745442708, 254.42103184036344, 318.01402000144674]",sku_column,multiple_codes_in_row,1.0
sku_000091,GW 62 803 H,GW62803H,exact_normalized,confirmed,15,6,r0015c006,"[307.39612990159253, 308.9430745442708, 360.3716057671441, 318.01402000144674]",sku_column,multiple_codes_in_row,1.0
sku_000092,GW 62 837 H,GW62837H,exact_normalized,confirmed,15,8,r0015c008,"[413.3470361472587, 308.9430745442708, 466.322172416273, 318.01402000144674]",sku_column,multiple_codes_in_row,1.0
sku_000093,GW 62 704 H,GW62704H,exact_normalized,confirmed,16,2,r0016c002,"[95.49500021849863, 318.01402000144674, 148.47013810364126, 327.08498128255206]",sku_column,multiple_codes_in_row,1.0
sku_000094,GW 62 738 H,GW62738H,exact_normalized,confirmed,16,4,r0016c004,"[201.44556756555681, 318.01402000144674, 254.42103184036344, 327.08498128255206]",sku_column,multiple_codes_in_row,1.0
sku_000095,GW 62 804 H,GW62804H,exact_normalized,confirmed,16,6,r0016c006,"[307.39612990159253, 318.01402000144674, 360.3716057671441, 327.08498128255206]",sku_column,multiple_codes_in_row,1.0
sku_000096,GW 62 838 H,GW62838H,exact_normalized,confirmed,16,8,r0016c008,"[413.3470361472587, 318.01402000144674, 466.322172416273, 327.08498128255206]",sku_column,multiple_codes_in_row,1.0
sku_000097,GW 62 705 H,GW62705H,exact_normalized,confirmed,17,2,r0017c002,"[95.49500021849863, 327.08498128255206, 148.47013810364126, 336.1559549967448]",sku_column,multiple_codes_in_row,1.0
sku_000098,GW 62 739 H,GW62739H,exact_normalized,confirmed,17,4,r0017c004,"[201.44556756555681, 327.08498128255206, 254.42103184036344, 336.1559549967448]",sku_column,multiple_codes_in_row,1.0
sku_000099,GW 62 805 H,GW62805H,exact_normalized,confirmed,17,6,r0017c006,"[307.39612990159253, 327.08498128255206, 360.3716057671441, 336.1559549967448]",sku_column,multiple_codes_in_row,1.0
sku_000100,GW 62 839 H,GW62839H,exact_normalized,confirmed,17,8,r0017c008,"[413.3470361472587, 327.08498128255206, 466.322172416273, 336.1559549967448]",sku_column,multiple_codes_in_row,1.0
sku_000101,GW 62 706 H,GW62706H,exact_normalized,confirmed,18,2,r0018c002,"[95.49500021849863, 336.1559549967448, 148.47013810364126, 345.22691853841144]",sku_column,multiple_codes_in_row,1.0
sku_000102,GW 62 740 H,GW62740H,exact_normalized,confirmed,18,4,r0018c004,"[201.44556756555681, 336.1559549967448, 254.42103184036344, 345.22691853841144]",sku_column,multiple_codes_in_row,1.0
sku_000103,GW 62 806 H,GW62806H,exact_normalized,confirmed,18,6,r0018c006,"[307.39612990159253, 336.1559549967448, 360.3716057671441, 345.22691853841144]",sku_column,multiple_codes_in_row,1.0
sku_000104,GW 62 840 H,GW62840H,exact_normalized,confirmed,18,8,r0018c008,"[413.3470361472587, 336.1559549967448, 466.322172416273, 345.22691853841144]",sku_column,multiple_codes_in_row,1.0
sku_000105,GW 62 707 H,GW62707H,exact_normalized,confirmed,19,2,r0019c002,"[95.49500021849863, 345.22691853841144, 148.47013810364126, 354.2978515625]",sku_column,multiple_codes_in_row,1.0
sku_000106,GW 62 741 H,GW62741H,exact_normalized,confirmed,19,4,r0019c004,"[201.44556756555681, 345.22691853841144, 254.42103184036344, 354.2978515625]",sku_column,multiple_codes_in_row,1.0
sku_000107,GW 62 807 H,GW62807H,exact_normalized,confirmed,19,6,r0019c006,"[307.39612990159253, 345.22691853841144, 360.3716057671441, 354.2978515625]",sku_column,multiple_codes_in_row,1.0
sku_000108,GW 62 841 H,GW62841H,exact_normalized,confirmed,19,8,r0019c008,"[413.3470361472587, 345.22691853841144, 466.322172416273, 354.2978515625]",sku_column,multiple_codes_in_row,1.0
sku_000109,GW 62 708 H,GW62708H,exact_normalized,confirmed,20,2,r0020c002,"[95.49500021849863, 354.2978515625, 148.47013810364126, 363.3684794108073]",sku_column,multiple_codes_in_row,1.0
sku_000110,GW 62 742 H,GW62742H,exact_normalized,confirmed,20,4,r0020c004,"[201.44556756555681, 354.2978515625, 254.42103184036344, 363.3684794108073]",sku_column,multiple_codes_in_row,1.0
sku_000111,GW 62 808 H,GW62808H,exact_normalized,confirmed,20,6,r0020c006,"[307.39612990159253, 354.2978515625, 360.3716057671441, 363.3684794108073]",sku_column,multiple_codes_in_row,1.0
sku_000112,GW 62 842 H,GW62842H,exact_normalized,confirmed,20,8,r0020c008,"[413.3470361472587, 354.2978515625, 466.322172416273, 363.3684794108073]",sku_column,multiple_codes_in_row,1.0
sku_000113,GW 62 709 H,GW62709H,exact_normalized,confirmed,21,2,r0021c002,"[95.49500021849863, 363.3684794108073, 148.47013810364126, 372.4391174316406]",sku_column,multiple_codes_in_row,1.0
sku_000114,GW 62 743 H,GW62743H,exact_normalized,confirmed,21,4,r0021c004,"[201.44556756555681, 363.3684794108073, 254.42103184036344, 372.4391174316406]",sku_column,multiple_codes_in_row,1.0
sku_000115,GW 62 809 H,GW62809H,exact_normalized,confirmed,21,6,r0021c006,"[307.39612990159253, 363.3684794108073, 360.3716057671441, 372.4391174316406]",sku_column,multiple_codes_in_row,1.0
sku_000116,GW 62 843 H,GW62843H,exact_normalized,confirmed,21,8,r0021c008,"[413.3470361472587, 363.3684794108073, 466.322172416273, 372.4391174316406]",sku_column,multiple_codes_in_row,1.0
sku_000117,GW 62 710 H,GW62710H,exact_normalized,confirmed,22,2,r0022c002,"[95.49500021849863, 372.4391174316406, 148.47013810364126, 381.5100504557292]",sku_column,multiple_codes_in_row,1.0
sku_000118,GW 62 744 H,GW62744H,exact_normalized,confirmed,22,4,r0022c004,"[201.44556756555681, 372.4391174316406, 254.42103184036344, 381.5100504557292]",sku_column,multiple_codes_in_row,1.0
sku_000119,GW 62 810 H,GW62810H,exact_normalized,confirmed,22,6,r0022c006,"[307.39612990159253, 372.4391174316406, 360.3716057671441, 381.5100504557292]",sku_column,multiple_codes_in_row,1.0
sku_000120,GW 62 844 H,GW62844H,exact_normalized,confirmed,22,8,r0022c008,"[413.3470361472587, 372.4391174316406, 466.322172416273, 381.5100504557292]",sku_column,multiple_codes_in_row,1.0
sku_000121,GW 62 711 H,GW62711H,exact_normalized,confirmed,23,2,r0023c002,"[95.49500021849863, 381.5100504557292, 148.47013810364126, 390.5810241699219]",sku_column,multiple_codes_in_row,1.0
sku_000122,GW 62 745 H,GW62745H,exact_normalized,confirmed,23,4,r0023c004,"[201.44556756555681, 381.5100504557292, 254.42103184036344, 390.5810241699219]",sku_column,multiple_codes_in_row,1.0
sku_000123,GW 62 811 H,GW62811H,exact_normalized,confirmed,23,6,r0023c006,"[307.39612990159253, 381.5100504557292, 360.3716057671441, 390.5810241699219]",sku_column,multiple_codes_in_row,1.0
sku_000124,GW 62 845 H,GW62845H,exact_normalized,confirmed,23,8,r0023c008,"[413.3470361472587, 381.5100504557292, 466.322172416273, 390.5810241699219]",sku_column,multiple_codes_in_row,1.0
sku_000125,GW 62 712 H,GW62712H,exact_normalized,confirmed,24,2,r0024c002,"[95.49500021849863, 390.5810241699219, 148.47013810364126, 399.65195719401044]",sku_column,multiple_codes_in_row,1.0
sku_000126,GW 62 746 H,GW62746H,exact_normalized,confirmed,24,4,r0024c004,"[201.44556756555681, 390.5810241699219, 254.42103184036344, 399.65195719401044]",sku_column,multiple_codes_in_row,1.0
sku_000127,GW 62 812 H,GW62812H,exact_normalized,confirmed,24,6,r0024c006,"[307.39612990159253, 390.5810241699219, 360.3716057671441, 399.65195719401044]",sku_column,multiple_codes_in_row,1.0
sku_000128,GW 62 846 H,GW62846H,exact_normalized,confirmed,24,8,r0024c008,"[413.3470361472587, 390.5810241699219, 466.322172416273, 399.65195719401044]",sku_column,multiple_codes_in_row,1.0
sku_000129,GW 62 713 H,GW62713H,exact_normalized,confirmed,25,2,r0025c002,"[95.49500021849863, 399.65195719401044, 148.47013810364126, 408.72292073567706]",sku_column,multiple_codes_in_row,1.0
sku_000130,GW 62 747 H,GW62747H,exact_normalized,confirmed,25,4,r0025c004,"[201.44556756555681, 399.65195719401044, 254.42103184036344, 408.72292073567706]",sku_column,multiple_codes_in_row,1.0
sku_000131,GW 62 813 H,GW62813H,exact_normalized,confirmed,25,6,r0025c006,"[307.39612990159253, 399.65195719401044, 360.3716057671441, 408.72292073567706]",sku_column,multiple_codes_in_row,1.0
sku_000132,GW 62 847 H,GW62847H,exact_normalized,confirmed,25,8,r0025c008,"[413.3470361472587, 399.65195719401044, 466.322172416273, 408.72292073567706]",sku_column,multiple_codes_in_row,1.0
sku_000133,GW 62 714 H,GW62714H,exact_normalized,confirmed,26,2,r0026c002,"[95.49500021849863, 408.72292073567706, 148.47013810364126, 417.79388427734375]",sku_column,multiple_codes_in_row,1.0
sku_000134,GW 62 748 H,GW62748H,exact_normalized,confirmed,26,4,r0026c004,"[201.44556756555681, 408.72292073567706, 254.42103184036344, 417.79388427734375]",sku_column,multiple_codes_in_row,1.0
sku_000135,GW 62 814 H,GW62814H,exact_normalized,confirmed,26,6,r0026c006,"[307.39612990159253, 408.72292073567706, 360.3716057671441, 417.79388427734375]",sku_column,multiple_codes_in_row,1.0
sku_000136,GW 62 848 H,GW62848H,exact_normalized,confirmed,26,8,r0026c008,"[413.3470361472587, 408.72292073567706, 466.322172416273, 417.79388427734375]",sku_column,multiple_codes_in_row,1.0
sku_000137,GW 62 715 H,GW62715H,exact_normalized,confirmed,27,2,r0027c002,"[95.49500021849863, 417.79388427734375, 148.47013810364126, 426.86451212565106]",sku_column,multiple_codes_in_row,1.0
sku_000138,GW 62 749 H,GW62749H,exact_normalized,confirmed,27,4,r0027c004,"[201.44556756555681, 417.79388427734375, 254.42103184036344, 426.86451212565106]",sku_column,multiple_codes_in_row,1.0
sku_000139,GW 62 815 H,GW62815H,exact_normalized,confirmed,27,6,r0027c006,"[307.39612990159253, 417.79388427734375, 360.3716057671441, 426.86451212565106]",sku_column,multiple_codes_in_row,1.0
sku_000140,GW 62 849 H,GW62849H,exact_normalized,confirmed,27,8,r0027c008,"[413.3470361472587, 417.79388427734375, 466.322172416273, 426.86451212565106]",sku_column,multiple_codes_in_row,1.0
sku_000141,GW 62 716 H,GW62716H,exact_normalized,confirmed,28,2,r0028c002,"[95.49500021849863, 426.86451212565106, 148.47013810364126, 435.93511962890625]",sku_column,multiple_codes_in_row,1.0
sku_000142,GW 62 750 H,GW62750H,exact_normalized,confirmed,28,4,r0028c004,"[201.44556756555681, 426.86451212565106, 254.42103184036344, 435.93511962890625]",sku_column,multiple_codes_in_row,1.0
sku_000143,GW 62 816 H,GW62816H,exact_normalized,confirmed,28,6,r0028c006,"[307.39612990159253, 426.86451212565106, 360.3716057671441, 435.93511962890625]",sku_column,multiple_codes_in_row,1.0
sku_000144,GW 62 850 H,GW62850H,exact_normalized,confirmed,28,8,r0028c008,"[413.3470361472587, 426.86451212565106, 466.322172416273, 435.93511962890625]",sku_column,multiple_codes_in_row,1.0
sku_000145,GW 62 717 H,GW62717H,exact_normalized,confirmed,29,2,r0029c002,"[95.49500021849863, 435.93511962890625, 148.47013810364126, 445.00609221281826]",sku_column,multiple_codes_in_row,1.0
sku_000146,GW 62 751 H,GW62751H,exact_normalized,confirmed,29,4,r0029c004,"[201.44556756555681, 435.93511962890625, 254.42103184036344, 445.00609221281826]",sku_column,multiple_codes_in_row,1.0
sku_000147,GW 62 817 H,GW62817H,exact_normalized,confirmed,29,6,r0029c006,"[307.39612990159253, 435.93511962890625, 360.3716057671441, 445.00609221281826]",sku_column,multiple_codes_in_row,1.0
sku_000148,GW 62 851 H,GW62851H,exact_normalized,confirmed,29,8,r0029c008,"[413.3470361472587, 435.93511962890625, 466.322172416273, 445.00609221281826]",sku_column,multiple_codes_in_row,1.0
sku_000149,GW 62 012 FH,GW62012FH,exact_normalized,confirmed,30,1,r0030c001,"[42.52000045776367, 445.00609221281826, 95.49500021849863, 454.0770263671875]",sku_column,multiple_codes_in_row,1.0
sku_000150,GW 62 012 H,GW62012H,exact_normalized,confirmed,30,2,r0030c002,"[95.49500021849863, 445.00609221281826, 148.47013810364126, 454.0770263671875]",sku_column,multiple_codes_in_row,1.0
sku_000151,GW 62 034 FH,GW62034FH,exact_normalized,confirmed,30,3,r0030c003,"[148.47013810364126, 445.00609221281826, 201.44556756555681, 454.0770263671875]",sku_column,multiple_codes_in_row,1.0
sku_000152,GW 62 034 H,GW62034H,exact_normalized,confirmed,30,4,r0030c004,"[201.44556756555681, 445.00609221281826, 254.42103184036344, 454.0770263671875]",sku_column,multiple_codes_in_row,1.0
sku_000153,GW 62 213 FH,GW62213FH,exact_normalized,confirmed,30,5,r0030c005,"[254.42103184036344, 445.00609221281826, 307.39612990159253, 454.0770263671875]",sku_column,multiple_codes_in_row,1.0
sku_000154,GW 62 213 H,GW62213H,exact_normalized,confirmed,30,6,r0030c006,"[307.39612990159253, 445.00609221281826, 360.3716057671441, 454.0770263671875]",sku_column,multiple_codes_in_row,1.0
sku_000155,GW 62 235 FH,GW62235FH,exact_normalized,confirmed,30,7,r0030c007,"[360.3716057671441, 445.00609221281826, 413.3470361472587, 454.0770263671875]",sku_column,multiple_codes_in_row,1.0
sku_000156,GW 62 235 H,GW62235H,exact_normalized,confirmed,30,8,r0030c008,"[413.3470361472587, 445.00609221281826, 466.322172416273, 454.0770263671875]",sku_column,multiple_codes_in_row,1.0
sku_000157,GW 62 013 FH,GW62013FH,exact_normalized,confirmed,31,1,r0031c001,"[42.52000045776367, 454.0770263671875, 95.49500021849863, 463.1479899088542]",sku_column,multiple_codes_in_row,1.0
sku_000158,GW 62 013 H,GW62013H,exact_normalized,confirmed,31,2,r0031c002,"[95.49500021849863, 454.0770263671875, 148.47013810364126, 463.1479899088542]",sku_column,multiple_codes_in_row,1.0
sku_000159,GW 62 035 FH,GW62035FH,exact_normalized,confirmed,31,3,r0031c003,"[148.47013810364126, 454.0770263671875, 201.44556756555681, 463.1479899088542]",sku_column,multiple_codes_in_row,1.0
sku_000160,GW 62 035 H,GW62035H,exact_normalized,confirmed,31,4,r0031c004,"[201.44556756555681, 454.0770263671875, 254.42103184036344, 463.1479899088542]",sku_column,multiple_codes_in_row,1.0
sku_000161,GW 62 214 FH,GW62214FH,exact_normalized,confirmed,31,5,r0031c005,"[254.42103184036344, 454.0770263671875, 307.39612990159253, 463.1479899088542]",sku_column,multiple_codes_in_row,1.0
sku_000162,GW 62 214 H,GW62214H,exact_normalized,confirmed,31,6,r0031c006,"[307.39612990159253, 454.0770263671875, 360.3716057671441, 463.1479899088542]",sku_column,multiple_codes_in_row,1.0
sku_000163,GW 62 236 FH,GW62236FH,exact_normalized,confirmed,31,7,r0031c007,"[360.3716057671441, 454.0770263671875, 413.3470361472587, 463.1479899088542]",sku_column,multiple_codes_in_row,1.0
sku_000164,GW 62 236 H,GW62236H,exact_normalized,confirmed,31,8,r0031c008,"[413.3470361472587, 454.0770263671875, 466.322172416273, 463.1479899088542]",sku_column,multiple_codes_in_row,1.0
sku_000165,GW 62 014 FH,GW62014FH,exact_normalized,confirmed,32,1,r0032c001,"[42.52000045776367, 463.1479899088542, 95.49500021849863, 472.2189534505208]",sku_column,multiple_codes_in_row,1.0
sku_000166,GW 62 014 H,GW62014H,exact_normalized,confirmed,32,2,r0032c002,"[95.49500021849863, 463.1479899088542, 148.47013810364126, 472.2189534505208]",sku_column,multiple_codes_in_row,1.0
sku_000167,GW 62 036 FH,GW62036FH,exact_normalized,confirmed,32,3,r0032c003,"[148.47013810364126, 463.1479899088542, 201.44556756555681, 472.2189534505208]",sku_column,multiple_codes_in_row,1.0
sku_000168,GW 62 036 H,GW62036H,exact_normalized,confirmed,32,4,r0032c004,"[201.44556756555681, 463.1479899088542, 254.42103184036344, 472.2189534505208]",sku_column,multiple_codes_in_row,1.0
sku_000169,GW 62 215 FH,GW62215FH,exact_normalized,confirmed,32,5,r0032c005,"[254.42103184036344, 463.1479899088542, 307.39612990159253, 472.2189534505208]",sku_column,multiple_codes_in_row,1.0
sku_000170,GW 62 215 H,GW62215H,exact_normalized,confirmed,32,6,r0032c006,"[307.39612990159253, 463.1479899088542, 360.3716057671441, 472.2189534505208]",sku_column,multiple_codes_in_row,1.0
sku_000171,GW 62 237 FH,GW62237FH,exact_normalized,confirmed,32,7,r0032c007,"[360.3716057671441, 463.1479899088542, 413.3470361472587, 472.2189534505208]",sku_column,multiple_codes_in_row,1.0
sku_000172,GW 62 237 H,GW62237H,exact_normalized,confirmed,32,8,r0032c008,"[413.3470361472587, 463.1479899088542, 466.322172416273, 472.2189534505208]",sku_column,multiple_codes_in_row,1.0
sku_000173,GW 62 015 FH,GW62015FH,exact_normalized,confirmed,33,1,r0033c001,"[42.52000045776367, 472.2189534505208, 95.49500021849863, 481.2898864746094]",sku_column,multiple_codes_in_row,1.0
sku_000174,GW 62 015 H,GW62015H,exact_normalized,confirmed,33,2,r0033c002,"[95.49500021849863, 472.2189534505208, 148.47013810364126, 481.2898864746094]",sku_column,multiple_codes_in_row,1.0
sku_000175,GW 62 037 FH,GW62037FH,exact_normalized,confirmed,33,3,r0033c003,"[148.47013810364126, 472.2189534505208, 201.44556756555681, 481.2898864746094]",sku_column,multiple_codes_in_row,1.0
sku_000176,GW 62 037 H,GW62037H,exact_normalized,confirmed,33,4,r0033c004,"[201.44556756555681, 472.2189534505208, 254.42103184036344, 481.2898864746094]",sku_column,multiple_codes_in_row,1.0
sku_000177,GW 62 216 FH,GW62216FH,exact_normalized,confirmed,33,5,r0033c005,"[254.42103184036344, 472.2189534505208, 307.39612990159253, 481.2898864746094]",sku_column,multiple_codes_in_row,1.0
sku_000178,GW 62 216 H,GW62216H,exact_normalized,confirmed,33,6,r0033c006,"[307.39612990159253, 472.2189534505208, 360.3716057671441, 481.2898864746094]",sku_column,multiple_codes_in_row,1.0
sku_000179,GW 62 238 FH,GW62238FH,exact_normalized,confirmed,33,7,r0033c007,"[360.3716057671441, 472.2189534505208, 413.3470361472587, 481.2898864746094]",sku_column,multiple_codes_in_row,1.0
sku_000180,GW 62 238 H,GW62238H,exact_normalized,confirmed,33,8,r0033c008,"[413.3470361472587, 472.2189534505208, 466.322172416273, 481.2898864746094]",sku_column,multiple_codes_in_row,1.0
sku_000181,GW 62 016 FH,GW62016FH,exact_normalized,confirmed,34,1,r0034c001,"[42.52000045776367, 481.2898864746094, 95.49500021849863, 499.4314778645833]",sku_column,multiple_codes_in_row,1.0
sku_000182,GW 62 016 H,GW62016H,exact_normalized,confirmed,34,2,r0034c002,"[95.49500021849863, 481.2898864746094, 148.47013810364126, 499.4314778645833]",sku_column,multiple_codes_in_row,1.0
sku_000183,GW 62 038 FH,GW62038FH,exact_normalized,confirmed,34,3,r0034c003,"[148.47013810364126, 481.2898864746094, 201.44556756555681, 499.4314778645833]",sku_column,multiple_codes_in_row,1.0
sku_000184,GW 62 038 H,GW62038H,exact_normalized,confirmed,34,4,r0034c004,"[201.44556756555681, 481.2898864746094, 254.42103184036344, 499.4314778645833]",sku_column,multiple_codes_in_row,1.0
sku_000185,GW 62 217 FH,GW62217FH,exact_normalized,confirmed,34,5,r0034c005,"[254.42103184036344, 481.2898864746094, 307.39612990159253, 499.4314778645833]",sku_column,multiple_codes_in_row,1.0
sku_000186,GW 62 217 H,GW62217H,exact_normalized,confirmed,34,6,r0034c006,"[307.39612990159253, 481.2898864746094, 360.3716057671441, 499.4314778645833]",sku_column,multiple_codes_in_row,1.0
sku_000187,GW 62 239 FH,GW62239FH,exact_normalized,confirmed,34,7,r0034c007,"[360.3716057671441, 481.2898864746094, 413.3470361472587, 499.4314778645833]",sku_column,multiple_codes_in_row,1.0
sku_000188,GW 62 239 H,GW62239H,exact_normalized,confirmed,34,8,r0034c008,"[413.3470361472587, 481.2898864746094, 466.322172416273, 499.4314778645833]",sku_column,multiple_codes_in_row,1.0
sku_000189,GW 62 017 FH,GW62017FH,exact_normalized,confirmed,35,1,r0035c001,"[42.52000045776367, 499.4314778645833, 95.49500021849863, 517.5730387369791]",sku_column,multiple_codes_in_row,1.0
sku_000190,GW 62 017 H,GW62017H,exact_normalized,confirmed,35,2,r0035c002,"[95.49500021849863, 499.4314778645833, 148.47013810364126, 517.5730387369791]",sku_column,multiple_codes_in_row,1.0
sku_000191,GW 62 039 FH,GW62039FH,exact_normalized,confirmed,35,3,r0035c003,"[148.47013810364126, 499.4314778645833, 201.44556756555681, 517.5730387369791]",sku_column,multiple_codes_in_row,1.0
sku_000192,GW 62 039 H,GW62039H,exact_normalized,confirmed,35,4,r0035c004,"[201.44556756555681, 499.4314778645833, 254.42103184036344, 517.5730387369791]",sku_column,multiple_codes_in_row,1.0
sku_000193,GW 62 218 FH,GW62218FH,exact_normalized,confirmed,35,5,r0035c005,"[254.42103184036344, 499.4314778645833, 307.39612990159253, 517.5730387369791]",sku_column,multiple_codes_in_row,1.0
sku_000194,GW 62 218 H,GW62218H,exact_normalized,confirmed,35,6,r0035c006,"[307.39612990159253, 499.4314778645833, 360.3716057671441, 517.5730387369791]",sku_column,multiple_codes_in_row,1.0
sku_000195,GW 62 240 FH,GW62240FH,exact_normalized,confirmed,35,7,r0035c007,"[360.3716057671441, 499.4314778645833, 413.3470361472587, 517.5730387369791]",sku_column,multiple_codes_in_row,1.0
sku_000196,GW 62 240 H,GW62240H,exact_normalized,confirmed,35,8,r0035c008,"[413.3470361472587, 499.4314778645833, 466.322172416273, 517.5730387369791]",sku_column,multiple_codes_in_row,1.0
sku_000197,GW 62 018 FH,GW62018FH,exact_normalized,confirmed,36,1,r0036c001,"[42.52000045776367, 517.5730387369791, 95.49500021849863, 526.64404296875]",sku_column,multiple_codes_in_row,1.0
sku_000198,GW 62 018 H,GW62018H,exact_normalized,confirmed,36,2,r0036c002,"[95.49500021849863, 517.5730387369791, 148.47013810364126, 526.64404296875]",sku_column,multiple_codes_in_row,1.0
sku_000199,GW 62 040 FH,GW62040FH,exact_normalized,confirmed,36,3,r0036c003,"[148.47013810364126, 517.5730387369791, 201.44556756555681, 526.64404296875]",sku_column,multiple_codes_in_row,1.0
sku_000200,GW 62 040 H,GW62040H,exact_normalized,confirmed,36,4,r0036c004,"[201.44556756555681, 517.5730387369791, 254.42103184036344, 526.64404296875]",sku_column,multiple_codes_in_row,1.0
sku_000201,GW 62 219 FH,GW62219FH,exact_normalized,confirmed,36,5,r0036c005,"[254.42103184036344, 517.5730387369791, 307.39612990159253, 526.64404296875]",sku_column,multiple_codes_in_row,1.0
sku_000202,GW 62 219 H,GW62219H,exact_normalized,confirmed,36,6,r0036c006,"[307.39612990159253, 517.5730387369791, 360.3716057671441, 526.64404296875]",sku_column,multiple_codes_in_row,1.0
sku_000203,GW 62 241 FH,GW62241FH,exact_normalized,confirmed,36,7,r0036c007,"[360.3716057671441, 517.5730387369791, 413.3470361472587, 526.64404296875]",sku_column,multiple_codes_in_row,1.0
sku_000204,GW 62 241 H,GW62241H,exact_normalized,confirmed,36,8,r0036c008,"[413.3470361472587, 517.5730387369791, 466.322172416273, 526.64404296875]",sku_column,multiple_codes_in_row,1.0
sku_000205,GW 62 019 FH,GW62019FH,exact_normalized,confirmed,37,1,r0037c001,"[42.52000045776367, 526.64404296875, 95.49500021849863, 544.7859090169271]",sku_column,multiple_codes_in_row,1.0
sku_000206,GW 62 019 H,GW62019H,exact_normalized,confirmed,37,2,r0037c002,"[95.49500021849863, 526.64404296875, 148.47013810364126, 544.7859090169271]",sku_column,multiple_codes_in_row,1.0
sku_000207,GW 62 041 FH,GW62041FH,exact_normalized,confirmed,37,3,r0037c003,"[148.47013810364126, 526.64404296875, 201.44556756555681, 544.7859090169271]",sku_column,multiple_codes_in_row,1.0
sku_000208,GW 62 041 H,GW62041H,exact_normalized,confirmed,37,4,r0037c004,"[201.44556756555681, 526.64404296875, 254.42103184036344, 544.7859090169271]",sku_column,multiple_codes_in_row,1.0
sku_000209,GW 62 220 FH,GW62220FH,exact_normalized,confirmed,37,5,r0037c005,"[254.42103184036344, 526.64404296875, 307.39612990159253, 544.7859090169271]",sku_column,multiple_codes_in_row,1.0
sku_000210,GW 62 220 H,GW62220H,exact_normalized,confirmed,37,6,r0037c006,"[307.39612990159253, 526.64404296875, 360.3716057671441, 544.7859090169271]",sku_column,multiple_codes_in_row,1.0
sku_000211,GW 62 242 FH,GW62242FH,exact_normalized,confirmed,37,7,r0037c007,"[360.3716057671441, 526.64404296875, 413.3470361472587, 544.7859090169271]",sku_column,multiple_codes_in_row,1.0
sku_000212,GW 62 242 H,GW62242H,exact_normalized,confirmed,37,8,r0037c008,"[413.3470361472587, 526.64404296875, 466.322172416273, 544.7859090169271]",sku_column,multiple_codes_in_row,1.0
sku_000213,GW 62 020 FH,GW62020FH,exact_normalized,confirmed,38,1,r0038c001,"[42.52000045776367, 544.7859090169271, 95.49500021849863, 562.9274337203415]",sku_column,multiple_codes_in_row,1.0
sku_000214,GW 62 020 H,GW62020H,exact_normalized,confirmed,38,2,r0038c002,"[95.49500021849863, 544.7859090169271, 148.47013810364126, 562.9274337203415]",sku_column,multiple_codes_in_row,1.0
sku_000215,GW 62 042 FH,GW62042FH,exact_normalized,confirmed,38,3,r0038c003,"[148.47013810364126, 544.7859090169271, 201.44556756555681, 562.9274337203415]",sku_column,multiple_codes_in_row,1.0
sku_000216,GW 62 042 H,GW62042H,exact_normalized,confirmed,38,4,r0038c004,"[201.44556756555681, 544.7859090169271, 254.42103184036344, 562.9274337203415]",sku_column,multiple_codes_in_row,1.0
sku_000217,GW 62 221 FH,GW62221FH,exact_normalized,confirmed,38,5,r0038c005,"[254.42103184036344, 544.7859090169271, 307.39612990159253, 562.9274337203415]",sku_column,multiple_codes_in_row,1.0
sku_000218,GW 62 221 H,GW62221H,exact_normalized,confirmed,38,6,r0038c006,"[307.39612990159253, 544.7859090169271, 360.3716057671441, 562.9274337203415]",sku_column,multiple_codes_in_row,1.0
sku_000219,GW 62 243 FH,GW62243FH,exact_normalized,confirmed,38,7,r0038c007,"[360.3716057671441, 544.7859090169271, 413.3470361472587, 562.9274337203415]",sku_column,multiple_codes_in_row,1.0
sku_000220,GW 62 243 H,GW62243H,exact_normalized,confirmed,38,8,r0038c008,"[413.3470361472587, 544.7859090169271, 466.322172416273, 562.9274337203415]",sku_column,multiple_codes_in_row,1.0
sku_000221,GW 62 718 H,GW62718H,exact_normalized,confirmed,39,2,r0039c002,"[95.49500021849863, 562.9274337203415, 148.47013810364126, 571.9981282552084]",sku_column,multiple_codes_in_row,1.0
sku_000222,GW 62 752 H,GW62752H,exact_normalized,confirmed,39,4,r0039c004,"[201.44556756555681, 562.9274337203415, 254.42103184036344, 571.9981282552084]",sku_column,multiple_codes_in_row,1.0
sku_000223,GW 62 818 H,GW62818H,exact_normalized,confirmed,39,6,r0039c006,"[307.39612990159253, 562.9274337203415, 360.3716057671441, 571.9981282552084]",sku_column,multiple_codes_in_row,1.0
sku_000224,GW 62 852 H,GW62852H,exact_normalized,confirmed,39,8,r0039c008,"[413.3470361472587, 562.9274337203415, 466.322172416273, 571.9981282552084]",sku_column,multiple_codes_in_row,1.0
sku_000225,GW 62 021 H,GW62021H,exact_normalized,confirmed,40,2,r0040c002,"[95.49500021849863, 571.9981282552084, 148.47013810364126, 581.0690714518229]",sku_column,multiple_codes_in_row,1.0
sku_000226,GW 62 043 H,GW62043H,exact_normalized,confirmed,40,4,r0040c004,"[201.44556756555681, 571.9981282552084, 254.42103184036344, 581.0690714518229]",sku_column,multiple_codes_in_row,1.0
sku_000227,GW 62 222 H,GW62222H,exact_normalized,confirmed,40,6,r0040c006,"[307.39612990159253, 571.9981282552084, 360.3716057671441, 581.0690714518229]",sku_column,multiple_codes_in_row,1.0
sku_000228,GW 62 244 H,GW62244H,exact_normalized,confirmed,40,8,r0040c008,"[413.3470361472587, 571.9981282552084, 466.322172416273, 581.0690714518229]",sku_column,multiple_codes_in_row,1.0
sku_000229,GW 62 022 H,GW62022H,exact_normalized,confirmed,41,2,r0041c002,"[95.49500021849863, 581.0690714518229, 148.47013810364126, 590.1400146484375]",sku_column,multiple_codes_in_row,1.0
sku_000230,GW 62 044 H,GW62044H,exact_normalized,confirmed,41,4,r0041c004,"[201.44556756555681, 581.0690714518229, 254.42103184036344, 590.1400146484375]",sku_column,multiple_codes_in_row,1.0
sku_000231,GW 62 223 H,GW62223H,exact_normalized,confirmed,41,6,r0041c006,"[307.39612990159253, 581.0690714518229, 360.3716057671441, 590.1400146484375]",sku_column,multiple_codes_in_row,1.0
sku_000232,GW 62 245 H,GW62245H,exact_normalized,confirmed,41,8,r0041c008,"[413.3470361472587, 581.0690714518229, 466.322172416273, 590.1400146484375]",sku_column,multiple_codes_in_row,1.0
sku_000233,GW 62 719 H,GW62719H,exact_normalized,confirmed,42,2,r0042c002,"[95.49500021849863, 590.1400146484375, 148.47013810364126, 599.2109781901041]",sku_column,multiple_codes_in_row,1.0
sku_000234,GW 62 753 H,GW62753H,exact_normalized,confirmed,42,4,r0042c004,"[201.44556756555681, 590.1400146484375, 254.42103184036344, 599.2109781901041]",sku_column,multiple_codes_in_row,1.0
sku_000235,GW 62 819 H,GW62819H,exact_normalized,confirmed,42,6,r0042c006,"[307.39612990159253, 590.1400146484375, 360.3716057671441, 599.2109781901041]",sku_column,multiple_codes_in_row,1.0
sku_000236,GW 62 853 H,GW62853H,exact_normalized,confirmed,42,8,r0042c008,"[413.3470361472587, 590.1400146484375, 466.322172416273, 599.2109781901041]",sku_column,multiple_codes_in_row,1.0
sku_000237,GW 62 720 H,GW62720H,exact_normalized,confirmed,43,2,r0043c002,"[95.49500021849863, 599.2109781901041, 148.47013810364126, 608.2818852177372]",sku_column,multiple_codes_in_row,1.0
sku_000238,GW 62 754 H,GW62754H,exact_normalized,confirmed,43,4,r0043c004,"[201.44556756555681, 599.2109781901041, 254.42103184036344, 608.2818852177372]",sku_column,multiple_codes_in_row,1.0
sku_000239,GW 62 820 H,GW62820H,exact_normalized,confirmed,43,6,r0043c006,"[307.39612990159253, 599.2109781901041, 360.3716057671441, 608.2818852177372]",sku_column,multiple_codes_in_row,1.0
sku_000240,GW 62 854 H,GW62854H,exact_normalized,confirmed,43,8,r0043c008,"[413.3470361472587, 599.2109781901041, 466.322172416273, 608.2818852177372]",sku_column,multiple_codes_in_row,1.0
sku_000241,GW 62 721 H,GW62721H,exact_normalized,confirmed,44,2,r0044c002,"[95.49500021849863, 608.2818852177372, 148.47013810364126, 617.3528849283854]",sku_column,multiple_codes_in_row,1.0
sku_000242,GW 62 755 H,GW62755H,exact_normalized,confirmed,44,4,r0044c004,"[201.44556756555681, 608.2818852177372, 254.42103184036344, 617.3528849283854]",sku_column,multiple_codes_in_row,1.0
sku_000243,GW 62 821 H,GW62821H,exact_normalized,confirmed,44,6,r0044c006,"[307.39612990159253, 608.2818852177372, 360.3716057671441, 617.3528849283854]",sku_column,multiple_codes_in_row,1.0
sku_000244,GW 62 855 H,GW62855H,exact_normalized,confirmed,44,8,r0044c008,"[413.3470361472587, 608.2818852177372, 466.322172416273, 617.3528849283854]",sku_column,multiple_codes_in_row,1.0
sku_000245,GW 62 722 H,GW62722H,exact_normalized,confirmed,45,2,r0045c002,"[95.49500021849863, 617.3528849283854, 148.47013810364126, 626.4238484700521]",sku_column,multiple_codes_in_row,1.0
sku_000246,GW 62 756 H,GW62756H,exact_normalized,confirmed,45,4,r0045c004,"[201.44556756555681, 617.3528849283854, 254.42103184036344, 626.4238484700521]",sku_column,multiple_codes_in_row,1.0
sku_000247,GW 62 822 H,GW62822H,exact_normalized,confirmed,45,6,r0045c006,"[307.39612990159253, 617.3528849283854, 360.3716057671441, 626.4238484700521]",sku_column,multiple_codes_in_row,1.0
sku_000248,GW 62 856 H,GW62856H,exact_normalized,confirmed,45,8,r0045c008,"[413.3470361472587, 617.3528849283854, 466.322172416273, 626.4238484700521]",sku_column,multiple_codes_in_row,1.0
sku_000249,GW 62 723 H,GW62723H,exact_normalized,confirmed,46,2,r0046c002,"[95.49500021849863, 626.4238484700521, 148.47013810364126, 635.4944661458334]",sku_column,multiple_codes_in_row,1.0
sku_000250,GW 62 757 H,GW62757H,exact_normalized,confirmed,46,4,r0046c004,"[201.44556756555681, 626.4238484700521, 254.42103184036344, 635.4944661458334]",sku_column,multiple_codes_in_row,1.0
sku_000251,GW 62 823 H,GW62823H,exact_normalized,confirmed,46,6,r0046c006,"[307.39612990159253, 626.4238484700521, 360.3716057671441, 635.4944661458334]",sku_column,multiple_codes_in_row,1.0
sku_000252,GW 62 857 H,GW62857H,exact_normalized,confirmed,46,8,r0046c008,"[413.3470361472587, 626.4238484700521, 466.322172416273, 635.4944661458334]",sku_column,multiple_codes_in_row,1.0
sku_000253,GW 62 724 H,GW62724H,exact_normalized,confirmed,47,2,r0047c002,"[95.49500021849863, 635.4944661458334, 148.47013810364126, 644.5650634765625]",sku_column,multiple_codes_in_row,1.0
sku_000254,GW 62 758 H,GW62758H,exact_normalized,confirmed,47,4,r0047c004,"[201.44556756555681, 635.4944661458334, 254.42103184036344, 644.5650634765625]",sku_column,multiple_codes_in_row,1.0
sku_000255,GW 62 824 H,GW62824H,exact_normalized,confirmed,47,6,r0047c006,"[307.39612990159253, 635.4944661458334, 360.3716057671441, 644.5650634765625]",sku_column,multiple_codes_in_row,1.0
sku_000256,GW 62 858 H,GW62858H,exact_normalized,confirmed,47,8,r0047c008,"[413.3470361472587, 635.4944661458334, 466.322172416273, 644.5650634765625]",sku_column,multiple_codes_in_row,1.0
sku_000257,GW 62 725 H,GW62725H,exact_normalized,confirmed,48,2,r0048c002,"[95.49500021849863, 644.5650634765625, 148.47013810364126, 653.6360270182291]",sku_column,multiple_codes_in_row,1.0
sku_000258,GW 62 759 H,GW62759H,exact_normalized,confirmed,48,4,r0048c004,"[201.44556756555681, 644.5650634765625, 254.42103184036344, 653.6360270182291]",sku_column,multiple_codes_in_row,1.0
sku_000259,GW 62 825 H,GW62825H,exact_normalized,confirmed,48,6,r0048c006,"[307.39612990159253, 644.5650634765625, 360.3716057671441, 653.6360270182291]",sku_column,multiple_codes_in_row,1.0
sku_000260,GW 62 859 H,GW62859H,exact_normalized,confirmed,48,8,r0048c008,"[413.3470361472587, 644.5650634765625, 466.322172416273, 653.6360270182291]",sku_column,multiple_codes_in_row,1.0
sku_000261,GW 62 726 H,GW62726H,exact_normalized,confirmed,49,2,r0049c002,"[95.49500021849863, 653.6360270182291, 148.47013810364126, 662.70703125]",sku_column,multiple_codes_in_row,1.0
sku_000262,GW 62 760 H,GW62760H,exact_normalized,confirmed,49,4,r0049c004,"[201.44556756555681, 653.6360270182291, 254.42103184036344, 662.70703125]",sku_column,multiple_codes_in_row,1.0
sku_000263,GW 62 826 H,GW62826H,exact_normalized,confirmed,49,6,r0049c006,"[307.39612990159253, 653.6360270182291, 360.3716057671441, 662.70703125]",sku_column,multiple_codes_in_row,1.0
sku_000264,GW 62 860 H,GW62860H,exact_normalized,confirmed,49,8,r0049c008,"[413.3470361472587, 653.6360270182291, 466.322172416273, 662.70703125]",sku_column,multiple_codes_in_row,1.0
sku_000265,GW 62 727 H,GW62727H,exact_normalized,confirmed,50,2,r0050c002,"[95.49500021849863, 662.70703125, 148.47013810364126, 671.7779541015625]",sku_column,multiple_codes_in_row,1.0
sku_000266,GW 62 761 H,GW62761H,exact_normalized,confirmed,50,4,r0050c004,"[201.44556756555681, 662.70703125, 254.42103184036344, 671.7779541015625]",sku_column,multiple_codes_in_row,1.0
sku_000267,GW 62 827 H,GW62827H,exact_normalized,confirmed,50,6,r0050c006,"[307.39612990159253, 662.70703125, 360.3716057671441, 671.7779541015625]",sku_column,multiple_codes_in_row,1.0
sku_000268,GW 62 861 H,GW62861H,exact_normalized,confirmed,50,8,r0050c008,"[413.3470361472587, 662.70703125, 466.322172416273, 671.7779541015625]",sku_column,multiple_codes_in_row,1.0
sku_000269,GW 62 728 H,GW62728H,exact_normalized,confirmed,51,2,r0051c002,"[95.49500021849863, 671.7779541015625, 148.47013810364126, 680.8488972981771]",sku_column,multiple_codes_in_row,1.0
sku_000270,GW 62 762 H,GW62762H,exact_normalized,confirmed,51,4,r0051c004,"[201.44556756555681, 671.7779541015625, 254.42103184036344, 680.8488972981771]",sku_column,multiple_codes_in_row,1.0
sku_000271,GW 62 828 H,GW62828H,exact_normalized,confirmed,51,6,r0051c006,"[307.39612990159253, 671.7779541015625, 360.3716057671441, 680.8488972981771]",sku_column,multiple_codes_in_row,1.0
sku_000272,GW 62 862 H,GW62862H,exact_normalized,confirmed,51,8,r0051c008,"[413.3470361472587, 671.7779541015625, 466.322172416273, 680.8488972981771]",sku_column,multiple_codes_in_row,1.0
sku_000273,GW 62 729 H,GW62729H,exact_normalized,confirmed,52,2,r0052c002,"[95.49500021849863, 680.8488972981771, 148.47013810364126, 689.9198608398438]",sku_column,multiple_codes_in_row,1.0
sku_000274,GW 62 128 H,GW62128H,exact_normalized,confirmed,52,4,r0052c004,"[201.44556756555681, 680.8488972981771, 254.42103184036344, 689.9198608398438]",sku_column,multiple_codes_in_row,1.0
sku_000275,GW 62 829 H,GW62829H,exact_normalized,confirmed,52,6,r0052c006,"[307.39612990159253, 680.8488972981771, 360.3716057671441, 689.9198608398438]",sku_column,multiple_codes_in_row,1.0
sku_000276,GW 62 283 H,GW62283H,exact_normalized,confirmed,52,8,r0052c008,"[413.3470361472587, 680.8488972981771, 466.322172416273, 689.9198608398438]",sku_column,multiple_codes_in_row,1.0
sku_000277,GW 62 730 H,GW62730H,exact_normalized,confirmed,53,2,r0053c002,"[95.49500021849863, 689.9198608398438, 148.47013810364126, 698.990478515625]",sku_column,multiple_codes_in_row,1.0
sku_000278,GW 62 763 H,GW62763H,exact_normalized,confirmed,53,4,r0053c004,"[201.44556756555681, 689.9198608398438, 254.42103184036344, 698.990478515625]",sku_column,multiple_codes_in_row,1.0
sku_000279,GW 62 830 H,GW62830H,exact_normalized,confirmed,53,6,r0053c006,"[307.39612990159253, 689.9198608398438, 360.3716057671441, 698.990478515625]",sku_column,multiple_codes_in_row,1.0
sku_000280,GW 62 863 H,GW62863H,exact_normalized,confirmed,53,8,r0053c008,"[413.3470361472587, 689.9198608398438, 466.322172416273, 698.990478515625]",sku_column,multiple_codes_in_row,1.0
sku_000281,GW 62 731 H,GW62731H,exact_normalized,confirmed,54,2,r0054c002,"[95.49500021849863, 698.990478515625, 148.47013810364126, 708.0611165364584]",sku_column,multiple_codes_in_row,1.0
sku_000282,GW 62 764 H,GW62764H,exact_normalized,confirmed,54,4,r0054c004,"[201.44556756555681, 698.990478515625, 254.42103184036344, 708.0611165364584]",sku_column,multiple_codes_in_row,1.0
sku_000283,GW 62 831 H,GW62831H,exact_normalized,confirmed,54,6,r0054c006,"[307.39612990159253, 698.990478515625, 360.3716057671441, 708.0611165364584]",sku_column,multiple_codes_in_row,1.0
sku_000284,GW 62 864 H,GW62864H,exact_normalized,confirmed,54,8,r0054c008,"[413.3470361472587, 698.990478515625, 466.322172416273, 708.0611165364584]",sku_column,multiple_codes_in_row,1.0
sku_000285,GW 62 732 H,GW62732H,exact_normalized,confirmed,55,2,r0055c002,"[95.49500021849863, 708.0611165364584, 148.47013810364126, 717.132080078125]",sku_column,multiple_codes_in_row,1.0
sku_000286,GW 62 765 H,GW62765H,exact_normalized,confirmed,55,4,r0055c004,"[201.44556756555681, 708.0611165364584, 254.42103184036344, 717.132080078125]",sku_column,multiple_codes_in_row,1.0
sku_000287,GW 62 832 H,GW62832H,exact_normalized,confirmed,55,6,r0055c006,"[307.39612990159253, 708.0611165364584, 360.3716057671441, 717.132080078125]",sku_column,multiple_codes_in_row,1.0
sku_000288,GW 62 865 H,GW62865H,exact_normalized,confirmed,55,8,r0055c008,"[413.3470361472587, 708.0611165364584, 466.322172416273, 717.132080078125]",sku_column,multiple_codes_in_row,1.0
sku_000289,GW 62 733 H,GW62733H,exact_normalized,confirmed,56,2,r0056c002,"[95.49500021849863, 717.132080078125, 148.47013810364126, 726.2030029296875]",sku_column,multiple_codes_in_row,1.0
sku_000290,GW 62 766 H,GW62766H,exact_normalized,confirmed,56,4,r0056c004,"[201.44556756555681, 717.132080078125, 254.42103184036344, 726.2030029296875]",sku_column,multiple_codes_in_row,1.0
sku_000291,GW 62 833 H,GW62833H,exact_normalized,confirmed,56,6,r0056c006,"[307.39612990159253, 717.132080078125, 360.3716057671441, 726.2030029296875]",sku_column,multiple_codes_in_row,1.0
sku_000292,GW 62 866 H,GW62866H,exact_normalized,confirmed,56,8,r0056c008,"[413.3470361472587, 717.132080078125, 466.322172416273, 726.2030029296875]",sku_column,multiple_codes_in_row,1.0
sku_000293,GW 62 734 H,GW62734H,exact_normalized,confirmed,57,2,r0057c002,"[95.49500021849863, 726.2030029296875, 148.47013810364126, 735.2740042550223]",sku_column,multiple_codes_in_row,1.0
sku_000294,GW 62 767 H,GW62767H,exact_normalized,confirmed,57,4,r0057c004,"[201.44556756555681, 726.2030029296875, 254.42103184036344, 735.2740042550223]",sku_column,multiple_codes_in_row,1.0
sku_000295,GW 62 834 H,GW62834H,exact_normalized,confirmed,57,6,r0057c006,"[307.39612990159253, 726.2030029296875, 360.3716057671441, 735.2740042550223]",sku_column,multiple_codes_in_row,1.0
sku_000296,GW 62 867 H,GW62867H,exact_normalized,confirmed,57,8,r0057c008,"[413.3470361472587, 726.2030029296875, 466.322172416273, 735.2740042550223]",sku_column,multiple_codes_in_row,1.0
